               epoch,      train/box_loss,      train/obj_loss,      train/cls_loss,   metrics/precision,      metrics/recall,     metrics/mAP_0.5,metrics/mAP_0.5:0.95,        val/box_loss,        val/obj_loss,        val/cls_loss,               x/lr0,               x/lr1,               x/lr2
                   0,             0.11107,            0.061794,            0.075742,           0.0051883,            0.022282,           0.0016423,          0.00034192,             0.10433,            0.040037,            0.070675,             0.00256,             0.00256,             0.07696
                   1,            0.090708,            0.074239,            0.064542,            0.021426,            0.047955,           0.0079324,           0.0016532,            0.090764,            0.045156,            0.058121,           0.0051297,           0.0051297,             0.05383
                   2,            0.084282,            0.074067,            0.061088,            0.022825,            0.058507,            0.010567,           0.0022288,            0.089739,            0.043094,             0.05642,           0.0076983,           0.0076983,            0.030698
                   3,            0.081102,            0.073457,            0.058123,             0.18235,             0.12424,            0.038562,            0.010184,             0.08408,            0.044873,            0.052928,            0.009995,            0.009995,            0.009995
                   4,            0.078242,            0.071993,            0.054805,             0.16505,             0.11262,            0.056281,             0.01611,            0.081703,            0.043845,            0.054502,            0.009995,            0.009995,            0.009995
                   5,            0.076471,             0.07158,            0.052409,             0.16014,             0.15497,             0.06775,            0.019787,            0.079557,            0.043299,            0.048608,           0.0099911,           0.0099911,           0.0099911
                   6,            0.074975,            0.071619,            0.050132,             0.18708,             0.17208,            0.088865,            0.027988,            0.080273,            0.042894,            0.044331,           0.0099861,           0.0099861,           0.0099861
                   7,            0.074045,            0.070938,            0.048766,             0.27847,              0.2106,             0.13935,            0.047283,            0.074896,            0.042245,            0.043031,             0.00998,             0.00998,             0.00998
                   8,              0.0733,            0.070921,            0.047199,             0.24397,             0.25508,             0.15909,            0.055358,            0.074173,            0.042141,            0.039063,           0.0099728,           0.0099728,           0.0099728
                   9,             0.07245,            0.070349,            0.046211,             0.31949,             0.22399,             0.15328,             0.05053,            0.074053,            0.041859,            0.040082,           0.0099645,           0.0099645,           0.0099645
                  10,            0.071869,             0.07006,            0.045018,             0.21761,             0.26787,             0.16924,             0.06156,            0.074161,            0.042088,             0.03941,           0.0099551,           0.0099551,           0.0099551
                  11,            0.071506,            0.070216,            0.043905,             0.24906,             0.27789,             0.19331,            0.071263,            0.072484,             0.04148,            0.036134,           0.0099446,           0.0099446,           0.0099446
                  12,            0.070731,            0.069887,            0.043177,             0.30095,             0.29384,             0.21275,             0.08015,            0.071857,            0.041142,            0.036914,            0.009933,            0.009933,            0.009933
                  13,            0.070414,            0.069682,            0.042518,             0.30677,             0.28407,             0.20726,            0.077844,            0.071736,            0.042134,            0.035961,           0.0099203,           0.0099203,           0.0099203
                  14,            0.069802,            0.068587,             0.04175,             0.37553,             0.27238,             0.22993,             0.08992,            0.071293,            0.041003,            0.036447,           0.0099065,           0.0099065,           0.0099065
                  15,            0.069638,            0.069036,            0.041182,             0.32597,             0.27916,             0.22712,            0.086022,            0.071363,            0.040962,             0.03567,           0.0098916,           0.0098916,           0.0098916
                  16,             0.06925,             0.06865,            0.040274,             0.33708,             0.30992,             0.25581,              0.1016,            0.069697,            0.040735,            0.032867,           0.0098757,           0.0098757,           0.0098757
                  17,            0.068641,            0.068622,            0.040054,             0.32055,             0.31474,              0.2577,             0.10178,            0.069936,            0.040529,            0.034048,           0.0098586,           0.0098586,           0.0098586
                  18,            0.068486,            0.068306,            0.039492,             0.35595,             0.32573,              0.2854,             0.11435,            0.069354,            0.040399,            0.031519,           0.0098405,           0.0098405,           0.0098405
                  19,            0.067914,            0.067863,            0.038537,             0.37582,             0.32364,             0.28272,              0.1167,            0.069321,            0.040474,            0.032528,           0.0098213,           0.0098213,           0.0098213
                  20,            0.067867,            0.067237,            0.038163,             0.38049,             0.32879,             0.29961,             0.12532,             0.06864,            0.040517,            0.031367,           0.0098011,           0.0098011,           0.0098011
                  21,            0.067706,            0.068281,            0.037713,             0.33526,             0.35475,              0.2981,             0.12343,            0.068184,            0.039781,            0.030089,           0.0097798,           0.0097798,           0.0097798
                  22,            0.067183,            0.067709,             0.03711,             0.37423,             0.37316,             0.32652,             0.13856,             0.06737,            0.039594,            0.029539,           0.0097574,           0.0097574,           0.0097574
                  23,            0.067092,             0.06759,            0.036745,             0.40891,             0.32318,             0.30582,             0.12622,            0.068101,            0.039738,            0.030631,            0.009734,            0.009734,            0.009734
                  24,            0.066955,             0.06829,            0.036516,             0.43343,             0.32367,             0.31427,             0.13535,            0.067322,             0.03993,            0.030083,           0.0097095,           0.0097095,           0.0097095
                  25,            0.066393,            0.067288,            0.036136,             0.40154,             0.36318,             0.33808,             0.14453,            0.066915,            0.039805,            0.028891,            0.009684,            0.009684,            0.009684
                  26,              0.0664,            0.067914,            0.035513,             0.39886,             0.35991,             0.32128,             0.13419,            0.067249,            0.039768,            0.029924,           0.0096575,           0.0096575,           0.0096575
                  27,            0.065999,            0.067621,            0.035617,             0.43889,             0.36638,             0.34839,             0.15098,            0.066414,            0.039449,            0.028837,           0.0096299,           0.0096299,           0.0096299
                  28,            0.065874,            0.067225,            0.035117,             0.45261,             0.37804,             0.36116,             0.15713,            0.066315,            0.039167,            0.027802,           0.0096013,           0.0096013,           0.0096013
                  29,            0.065629,            0.066664,            0.034777,             0.47589,             0.36361,             0.36329,              0.1597,            0.065699,             0.03951,             0.02735,           0.0095717,           0.0095717,           0.0095717
                  30,            0.065392,            0.066541,             0.03393,              0.4521,             0.37948,             0.37054,             0.16594,             0.06587,            0.039187,            0.027751,           0.0095411,           0.0095411,           0.0095411
                  31,            0.064969,            0.066887,            0.033682,             0.50228,             0.37921,             0.38427,             0.16628,            0.065262,            0.039245,            0.027125,           0.0095095,           0.0095095,           0.0095095
                  32,            0.064907,            0.066267,            0.033807,              0.4781,             0.40066,             0.39302,             0.17381,            0.064975,            0.038728,            0.026219,           0.0094769,           0.0094769,           0.0094769
                  33,            0.065164,            0.066296,            0.033135,             0.46358,              0.3901,             0.37821,             0.16663,            0.065377,            0.038825,            0.026395,           0.0094434,           0.0094434,           0.0094434
                  34,            0.064809,            0.066221,             0.03283,             0.46973,             0.40232,             0.38064,             0.17145,             0.06503,            0.038964,            0.026912,           0.0094088,           0.0094088,           0.0094088
                  35,            0.064837,             0.06661,            0.032764,              0.5004,             0.41256,             0.41336,             0.18699,            0.064203,            0.038717,            0.025382,           0.0093733,           0.0093733,           0.0093733
                  36,            0.064453,            0.066391,            0.032517,              0.4921,             0.41312,             0.41783,             0.18995,            0.064154,            0.038606,            0.025394,           0.0093369,           0.0093369,           0.0093369
                  37,             0.06426,            0.065523,            0.032075,             0.51711,             0.41297,             0.42059,             0.18807,            0.064399,            0.038506,            0.025591,           0.0092995,           0.0092995,           0.0092995
                  38,            0.063736,            0.065095,            0.032059,             0.55945,             0.39095,             0.42759,              0.1963,            0.064154,            0.038536,            0.025251,           0.0092611,           0.0092611,           0.0092611
                  39,            0.063688,            0.065434,            0.032195,             0.55341,             0.40735,             0.42795,             0.19511,            0.063829,            0.038348,            0.024515,           0.0092219,           0.0092219,           0.0092219
                  40,            0.063739,              0.0658,            0.031407,             0.52613,             0.41781,             0.43129,             0.19919,            0.063478,            0.038486,            0.024339,           0.0091817,           0.0091817,           0.0091817
                  41,            0.063807,            0.066155,            0.031356,             0.53728,             0.41335,             0.43635,             0.20231,            0.063426,            0.038377,            0.023674,           0.0091406,           0.0091406,           0.0091406
                  42,            0.063118,            0.064955,             0.03101,             0.53074,             0.43172,             0.44271,             0.20586,            0.063055,            0.037993,            0.023579,           0.0090986,           0.0090986,           0.0090986
                  43,            0.063549,              0.0656,            0.030754,             0.54521,             0.42895,             0.45135,             0.21115,            0.063073,            0.037876,            0.023382,           0.0090557,           0.0090557,           0.0090557
                  44,            0.062883,            0.064687,            0.030766,             0.53496,             0.43971,             0.45418,             0.21299,            0.062768,            0.038178,            0.023197,           0.0090119,           0.0090119,           0.0090119
                  45,            0.063139,            0.065837,            0.030401,             0.56096,             0.43096,             0.45681,             0.21634,            0.062565,            0.037974,             0.02353,           0.0089673,           0.0089673,           0.0089673
                  46,            0.062606,            0.065123,            0.030003,             0.54904,             0.44705,              0.4611,             0.21895,            0.062415,            0.037725,            0.022932,           0.0089218,           0.0089218,           0.0089218
                  47,            0.062431,            0.065108,            0.030082,             0.56488,              0.4356,             0.46339,             0.22112,            0.062377,             0.03771,            0.022977,           0.0088755,           0.0088755,           0.0088755
                  48,            0.062415,            0.064926,            0.029874,             0.55685,             0.45827,             0.47565,             0.22682,            0.062215,             0.03766,            0.022522,           0.0088283,           0.0088283,           0.0088283
                  49,             0.06259,            0.064621,            0.029501,             0.54247,              0.4707,             0.47904,             0.22983,            0.062076,            0.037645,            0.022221,           0.0087804,           0.0087804,           0.0087804
                  50,            0.062324,            0.065242,              0.0294,             0.58961,             0.44842,             0.47525,             0.22855,            0.061824,            0.037635,              0.0227,           0.0087316,           0.0087316,           0.0087316
                  51,            0.062347,            0.064772,            0.029264,             0.56455,             0.45361,             0.47587,              0.2308,             0.06178,            0.037623,            0.022062,            0.008682,            0.008682,            0.008682
                  52,            0.062412,            0.064929,            0.028708,             0.58352,             0.45805,             0.48336,             0.23558,            0.061605,            0.037644,            0.021975,           0.0086316,           0.0086316,           0.0086316
                  53,            0.062205,            0.064037,            0.028695,             0.59338,              0.4536,             0.48743,              0.2362,            0.061486,            0.037497,            0.021816,           0.0085805,           0.0085805,           0.0085805
                  54,            0.061958,            0.064094,            0.028569,             0.58139,             0.46219,             0.48846,             0.23876,            0.061242,            0.037567,            0.021869,           0.0085286,           0.0085286,           0.0085286
                  55,            0.062064,            0.064468,            0.028151,             0.61178,             0.45477,             0.49655,             0.24429,            0.061134,            0.037393,            0.021762,           0.0084759,           0.0084759,           0.0084759
                  56,            0.061541,            0.063912,            0.028293,             0.59884,             0.46592,              0.4994,             0.24679,            0.061218,            0.037292,            0.021515,           0.0084225,           0.0084225,           0.0084225
                  57,             0.06178,            0.064658,            0.028088,             0.57683,             0.48539,             0.50389,             0.25056,            0.061084,            0.037331,            0.021183,           0.0083684,           0.0083684,           0.0083684
                  58,            0.061174,            0.064077,             0.02793,              0.6019,             0.47079,             0.50554,             0.25112,            0.060877,            0.037267,            0.021144,           0.0083136,           0.0083136,           0.0083136
                  59,            0.061393,            0.063988,            0.027973,              0.6011,             0.46568,             0.50367,             0.25039,            0.060844,            0.037198,             0.02128,           0.0082581,           0.0082581,           0.0082581
                  60,            0.061365,            0.064018,            0.027812,             0.62895,             0.46225,             0.50422,             0.25077,            0.060759,            0.037063,            0.021029,           0.0082019,           0.0082019,           0.0082019
                  61,            0.061396,            0.063469,            0.027903,             0.61694,             0.46697,             0.50947,             0.25608,            0.060604,            0.037068,             0.02095,            0.008145,            0.008145,            0.008145
                  62,            0.061098,            0.063998,             0.02719,             0.61297,             0.47415,             0.51039,             0.25628,            0.060447,               0.037,            0.020835,           0.0080875,           0.0080875,           0.0080875
                  63,             0.06078,            0.063513,             0.02717,             0.60141,             0.48345,             0.51253,             0.25707,             0.06044,            0.036912,            0.020764,           0.0080294,           0.0080294,           0.0080294
                  64,            0.060672,            0.063299,             0.02673,             0.66841,             0.45015,             0.51693,             0.26025,             0.06028,            0.036871,            0.020742,           0.0079706,           0.0079706,           0.0079706
                  65,            0.060609,            0.063055,            0.027124,             0.61315,             0.48255,             0.51636,             0.25936,            0.060261,            0.036848,            0.020532,           0.0079112,           0.0079112,           0.0079112
                  66,            0.060439,            0.063059,            0.026571,               0.629,             0.48451,             0.52262,             0.26215,            0.060081,            0.036882,            0.020417,           0.0078512,           0.0078512,           0.0078512
                  67,            0.060331,            0.062935,            0.026824,             0.62277,             0.48109,             0.52007,             0.26312,            0.059997,            0.036849,             0.02021,           0.0077907,           0.0077907,           0.0077907
                  68,            0.060458,            0.063378,            0.026249,             0.63321,             0.47384,             0.52128,             0.26402,            0.059964,            0.036881,            0.020217,           0.0077296,           0.0077296,           0.0077296
                  69,            0.060279,            0.063999,            0.026478,             0.59959,              0.4949,             0.52606,             0.26638,            0.059801,            0.036837,             0.02005,           0.0076679,           0.0076679,           0.0076679
                  70,            0.060407,            0.062754,            0.026233,             0.62082,             0.48679,             0.52733,             0.26756,            0.059785,            0.036805,            0.019868,           0.0076057,           0.0076057,           0.0076057
                  71,            0.059897,            0.062332,            0.025734,             0.58908,             0.51115,             0.53057,              0.2698,            0.059678,            0.036727,            0.019902,            0.007543,            0.007543,            0.007543
                  72,            0.059817,            0.062882,            0.025987,             0.60437,             0.50258,              0.5331,             0.27061,            0.059619,             0.03672,            0.019794,           0.0074797,           0.0074797,           0.0074797
                  73,            0.059818,            0.063123,            0.025892,             0.61283,             0.50143,             0.53473,             0.27151,            0.059517,            0.036664,            0.019585,            0.007416,            0.007416,            0.007416
                  74,            0.059777,              0.0632,            0.025609,             0.61486,             0.51035,             0.53942,             0.27649,            0.059344,            0.036631,            0.019515,           0.0073518,           0.0073518,           0.0073518
                  75,             0.05954,            0.062271,            0.025509,             0.62336,             0.50859,             0.54319,             0.27696,            0.059243,            0.036631,            0.019389,           0.0072872,           0.0072872,           0.0072872
                  76,             0.05951,            0.063367,            0.025356,             0.64444,             0.49945,             0.54058,             0.27756,            0.059131,            0.036615,            0.019344,           0.0072221,           0.0072221,           0.0072221
                  77,            0.059512,            0.062538,            0.024993,             0.62686,             0.50677,             0.54157,              0.2776,            0.059077,            0.036607,            0.019327,           0.0071566,           0.0071566,           0.0071566
                  78,            0.059293,             0.06276,            0.025016,             0.63382,               0.505,             0.54432,             0.28041,            0.058955,            0.036532,             0.01929,           0.0070906,           0.0070906,           0.0070906
                  79,            0.059686,            0.063243,             0.02487,             0.63672,             0.50043,             0.54562,             0.28141,            0.058874,            0.036551,             0.01937,           0.0070243,           0.0070243,           0.0070243
                  80,            0.059402,            0.063097,            0.024973,             0.63291,             0.50786,             0.54677,             0.28287,             0.05881,            0.036516,            0.019116,           0.0069576,           0.0069576,           0.0069576
                  81,            0.059479,            0.063137,            0.024509,             0.67219,             0.49094,             0.54939,              0.2844,            0.058798,            0.036485,            0.019049,           0.0068906,           0.0068906,           0.0068906
                  82,             0.05889,            0.061697,             0.02455,             0.61988,             0.51986,             0.54976,             0.28536,            0.058704,            0.036419,            0.019011,           0.0068232,           0.0068232,           0.0068232
                  83,            0.059062,            0.061648,            0.024457,             0.63618,              0.5129,             0.55147,             0.28434,             0.05868,            0.036428,            0.019123,           0.0067555,           0.0067555,           0.0067555
                  84,            0.058619,            0.061982,            0.024193,             0.64168,             0.51297,             0.55355,             0.28634,            0.058578,            0.036398,            0.018973,           0.0066874,           0.0066874,           0.0066874
                  85,            0.058855,            0.062214,            0.023928,             0.62364,             0.52268,             0.55251,             0.28692,            0.058498,            0.036402,            0.018966,           0.0066191,           0.0066191,           0.0066191
                  86,             0.05857,            0.062119,            0.023875,             0.63505,             0.51982,             0.55364,             0.28711,            0.058494,              0.0364,            0.018969,           0.0065505,           0.0065505,           0.0065505
                  87,            0.058498,            0.062174,            0.023687,             0.63406,             0.52513,             0.55661,             0.28943,            0.058524,            0.036353,             0.01893,           0.0064816,           0.0064816,           0.0064816
                  88,            0.058953,            0.062578,            0.024186,             0.62523,             0.52892,             0.55726,             0.29042,            0.058419,            0.036342,            0.018904,           0.0064125,           0.0064125,           0.0064125
                  89,            0.058455,            0.061481,              0.0242,             0.63959,             0.51758,             0.55915,              0.2914,            0.058342,            0.036323,            0.018847,           0.0063432,           0.0063432,           0.0063432
                  90,             0.05842,            0.061977,             0.02363,             0.63684,             0.52628,              0.5622,             0.29327,            0.058285,             0.03629,            0.018779,           0.0062737,           0.0062737,           0.0062737
                  91,             0.05828,            0.061498,            0.023635,             0.62766,              0.5345,             0.56302,             0.29406,            0.058262,            0.036303,            0.018792,            0.006204,            0.006204,            0.006204
                  92,            0.058397,            0.061566,            0.023663,              0.6487,             0.51996,             0.56669,             0.29562,            0.058221,            0.036264,            0.018706,           0.0061341,           0.0061341,           0.0061341
                  93,            0.058013,             0.06119,            0.023396,             0.65448,             0.51839,              0.5674,             0.29619,            0.058177,            0.036228,            0.018699,            0.006064,            0.006064,            0.006064
                  94,            0.058264,            0.061677,             0.02347,              0.6305,             0.54224,             0.57054,              0.2977,             0.05813,             0.03618,            0.018576,           0.0059938,           0.0059938,           0.0059938
                  95,            0.058326,            0.061823,            0.022964,             0.64005,             0.53855,             0.56989,             0.29838,            0.058081,            0.036173,            0.018501,           0.0059235,           0.0059235,           0.0059235
                  96,            0.058052,             0.06144,             0.02295,              0.6411,             0.53642,             0.57066,             0.29837,            0.058023,            0.036177,            0.018441,           0.0058531,           0.0058531,           0.0058531
                  97,            0.057925,            0.060805,            0.022825,             0.64651,              0.5392,             0.57088,             0.29916,            0.057974,            0.036142,            0.018335,           0.0057826,           0.0057826,           0.0057826
                  98,            0.057777,            0.060996,            0.022705,             0.63983,             0.54106,             0.57174,             0.29963,            0.057934,            0.036128,            0.018268,            0.005712,            0.005712,            0.005712
                  99,            0.058038,            0.061565,            0.022814,              0.6435,              0.5365,             0.57136,             0.30042,            0.057894,            0.036107,            0.018237,           0.0056413,           0.0056413,           0.0056413
                 100,              0.0576,            0.061489,            0.022491,              0.6643,             0.52577,             0.57269,             0.30177,            0.057864,            0.036072,            0.018209,           0.0055707,           0.0055707,           0.0055707
                 101,            0.057649,            0.060987,            0.022491,             0.65569,             0.53333,             0.57272,             0.30261,            0.057841,             0.03605,            0.018229,              0.0055,              0.0055,              0.0055
                 102,            0.057264,            0.060701,            0.022439,              0.6648,             0.52824,             0.57337,             0.30336,             0.05779,            0.036045,            0.018239,           0.0054293,           0.0054293,           0.0054293
                 103,            0.057507,            0.061081,            0.022355,             0.64913,             0.53623,             0.57291,             0.30391,            0.057748,            0.036033,            0.018209,           0.0053587,           0.0053587,           0.0053587
                 104,            0.057701,            0.061545,            0.022089,             0.66116,             0.53022,             0.57424,             0.30521,            0.057704,            0.036014,            0.018164,            0.005288,            0.005288,            0.005288
                 105,            0.057268,            0.060808,             0.02218,             0.65495,             0.53351,             0.57439,             0.30579,            0.057674,            0.035995,            0.018148,           0.0052174,           0.0052174,           0.0052174
                 106,            0.057188,            0.060599,            0.022053,             0.65162,             0.53493,             0.57417,             0.30659,            0.057637,            0.035977,            0.018155,           0.0051469,           0.0051469,           0.0051469
                 107,            0.056921,            0.060812,            0.021555,             0.66267,             0.53233,              0.5761,             0.30722,            0.057605,            0.035966,            0.018136,           0.0050765,           0.0050765,           0.0050765
                 108,            0.056877,            0.060332,            0.021632,             0.68546,              0.5192,             0.57738,             0.30755,            0.057571,            0.035955,            0.018129,           0.0050062,           0.0050062,           0.0050062
                 109,            0.057031,            0.061021,            0.021513,              0.6667,             0.53254,             0.57955,             0.30824,            0.057539,            0.035926,            0.018112,            0.004936,            0.004936,            0.004936
                 110,            0.056899,            0.061002,            0.021392,             0.67355,             0.52688,             0.57963,             0.30883,            0.057516,            0.035912,            0.018128,           0.0048659,           0.0048659,           0.0048659
                 111,            0.056875,            0.060372,            0.021419,             0.68516,             0.52267,             0.58051,             0.30957,            0.057484,            0.035901,            0.018129,            0.004796,            0.004796,            0.004796
                 112,            0.056436,            0.060252,            0.021186,             0.69698,             0.51809,             0.58112,             0.31047,            0.057456,             0.03588,            0.018117,           0.0047263,           0.0047263,           0.0047263
                 113,            0.056513,            0.060799,             0.02125,              0.7031,             0.51484,             0.58147,             0.31128,            0.057416,            0.035875,            0.018128,           0.0046568,           0.0046568,           0.0046568
                 114,            0.056823,            0.060804,            0.021014,             0.70314,             0.51581,             0.58285,             0.31228,            0.057387,            0.035872,            0.018124,           0.0045875,           0.0045875,           0.0045875
                 115,            0.056766,            0.060804,            0.021003,             0.70078,             0.51857,             0.58246,             0.31316,            0.057363,            0.035872,            0.018118,           0.0045184,           0.0045184,           0.0045184
                 116,            0.056213,            0.059958,            0.020827,             0.70241,             0.51557,             0.58236,             0.31351,            0.057335,            0.035876,              0.0181,           0.0044495,           0.0044495,           0.0044495
                 117,            0.056248,            0.060396,            0.020777,             0.69352,             0.52075,             0.58303,              0.3136,            0.057316,            0.035867,            0.018086,           0.0043809,           0.0043809,           0.0043809
                 118,            0.056076,            0.060238,            0.020688,             0.69351,             0.52074,             0.58343,             0.31323,            0.057295,            0.035857,            0.018075,           0.0043126,           0.0043126,           0.0043126
                 119,            0.055964,            0.059643,            0.020802,             0.66859,             0.53608,             0.58369,             0.31372,            0.057275,             0.03585,            0.018057,           0.0042445,           0.0042445,           0.0042445
                 120,            0.055839,            0.059956,            0.020463,             0.66582,              0.5403,             0.58389,             0.31422,            0.057253,            0.035847,            0.018031,           0.0041768,           0.0041768,           0.0041768
                 121,            0.055971,            0.059563,            0.020453,             0.66354,             0.54272,             0.58418,             0.31455,            0.057226,            0.035853,            0.018016,           0.0041094,           0.0041094,           0.0041094
                 122,            0.055823,            0.059337,            0.020391,             0.67659,             0.53576,             0.58377,             0.31501,            0.057208,            0.035843,             0.01799,           0.0040424,           0.0040424,           0.0040424
                 123,             0.05602,            0.059903,            0.020267,             0.66425,              0.5422,             0.58391,             0.31501,            0.057183,            0.035834,            0.017963,           0.0039757,           0.0039757,           0.0039757
                 124,            0.055591,            0.059401,            0.020162,             0.66677,             0.54093,             0.58425,             0.31546,            0.057155,            0.035832,            0.017956,           0.0039094,           0.0039094,           0.0039094
                 125,            0.055713,            0.059421,            0.020077,              0.6718,             0.53938,             0.58506,             0.31627,            0.057132,            0.035825,            0.017928,           0.0038434,           0.0038434,           0.0038434
                 126,            0.055772,            0.059408,            0.019757,             0.67403,             0.53901,              0.5853,             0.31658,            0.057108,            0.035819,            0.017906,           0.0037779,           0.0037779,           0.0037779
                 127,            0.055383,            0.059568,            0.019842,             0.68266,             0.53541,             0.58656,             0.31725,            0.057092,            0.035819,            0.017894,           0.0037128,           0.0037128,           0.0037128
                 128,            0.055384,            0.059473,            0.019786,             0.68827,             0.53176,             0.58621,             0.31715,            0.057073,            0.035814,            0.017879,           0.0036482,           0.0036482,           0.0036482
                 129,            0.055179,            0.058917,            0.019665,             0.68176,             0.53619,             0.58633,             0.31725,            0.057059,            0.035805,            0.017874,            0.003584,            0.003584,            0.003584
                 130,            0.055263,            0.059468,            0.019414,             0.68903,             0.53484,             0.58692,             0.31736,            0.057037,            0.035792,            0.017865,           0.0035203,           0.0035203,           0.0035203
                 131,            0.055064,            0.058824,            0.019641,              0.6898,             0.53446,             0.58763,             0.31762,            0.057018,            0.035781,            0.017851,            0.003457,            0.003457,            0.003457
                 132,            0.055526,            0.059076,            0.019361,             0.69327,             0.53262,             0.58766,             0.31752,               0.057,            0.035776,            0.017842,           0.0033943,           0.0033943,           0.0033943
                 133,            0.054861,            0.058415,            0.019427,             0.68997,             0.53315,             0.58856,             0.31828,            0.056986,            0.035763,             0.01783,           0.0033321,           0.0033321,           0.0033321
                 134,            0.054705,            0.058266,            0.019494,             0.67397,             0.54243,              0.5885,             0.31843,            0.056972,            0.035759,            0.017832,           0.0032704,           0.0032704,           0.0032704
                 135,            0.055278,            0.059072,            0.018944,             0.67251,             0.54342,              0.5886,             0.31873,            0.056953,            0.035753,            0.017823,           0.0032093,           0.0032093,           0.0032093
                 136,             0.05485,            0.058588,             0.01927,             0.67524,             0.54135,             0.58896,             0.31865,            0.056936,            0.035748,            0.017814,           0.0031488,           0.0031488,           0.0031488
                 137,             0.05483,            0.059432,            0.018924,             0.67377,             0.54277,             0.58877,              0.3191,            0.056917,            0.035742,            0.017804,           0.0030888,           0.0030888,           0.0030888
                 138,            0.054423,            0.058354,             0.01889,             0.67574,             0.54257,             0.58869,             0.31907,            0.056902,             0.03574,            0.017804,           0.0030294,           0.0030294,           0.0030294
                 139,            0.054674,            0.058916,            0.018557,             0.68092,             0.53877,             0.58904,             0.31931,            0.056884,            0.035736,            0.017797,           0.0029706,           0.0029706,           0.0029706
                 140,            0.054633,            0.058335,            0.018603,             0.68699,             0.53679,             0.58939,             0.31934,            0.056871,            0.035733,            0.017793,           0.0029125,           0.0029125,           0.0029125
                 141,            0.054801,            0.058601,            0.018474,             0.68839,             0.53628,             0.58971,             0.31956,            0.056856,            0.035735,            0.017799,            0.002855,            0.002855,            0.002855
                 142,            0.054284,            0.058406,            0.018458,             0.68903,             0.53623,             0.58978,             0.32016,            0.056842,            0.035732,            0.017791,           0.0027981,           0.0027981,           0.0027981
                 143,            0.054288,            0.057825,            0.018327,             0.68925,             0.53564,             0.58947,              0.3203,            0.056827,            0.035732,            0.017788,           0.0027419,           0.0027419,           0.0027419
                 144,            0.054249,            0.058531,             0.01856,             0.68884,             0.53604,             0.58947,             0.32038,            0.056815,            0.035727,            0.017781,           0.0026864,           0.0026864,           0.0026864
                 145,            0.053862,              0.0575,            0.018399,             0.68618,              0.5375,             0.58952,             0.32049,            0.056802,            0.035722,            0.017769,           0.0026316,           0.0026316,           0.0026316
                 146,            0.053736,            0.058141,            0.018073,             0.69016,             0.53615,              0.5899,             0.32061,             0.05679,            0.035722,            0.017765,           0.0025775,           0.0025775,           0.0025775
                 147,            0.054113,            0.058855,            0.018051,             0.69048,              0.5365,             0.59026,             0.32096,             0.05678,            0.035721,             0.01776,           0.0025241,           0.0025241,           0.0025241
                 148,            0.054095,            0.058378,            0.017985,             0.68508,             0.53894,             0.59057,             0.32134,            0.056769,            0.035723,            0.017757,           0.0024714,           0.0024714,           0.0024714
                 149,            0.053594,            0.057722,             0.01783,             0.69354,             0.53503,             0.59111,             0.32148,            0.056756,             0.03572,            0.017753,           0.0024195,           0.0024195,           0.0024195
                 150,            0.053679,            0.058254,             0.01798,             0.68468,             0.53933,             0.59126,             0.32143,            0.056748,            0.035716,             0.01775,           0.0023684,           0.0023684,           0.0023684
                 151,            0.053824,            0.057771,            0.017756,              0.6594,             0.55519,             0.59157,             0.32142,            0.056732,            0.035711,            0.017743,            0.002318,            0.002318,            0.002318
                 152,              0.0538,            0.057422,            0.017405,             0.65851,             0.55541,             0.59181,               0.322,            0.056717,            0.035712,            0.017734,           0.0022684,           0.0022684,           0.0022684
                 153,            0.053708,            0.057677,            0.017465,             0.66056,             0.55457,             0.59178,             0.32219,            0.056704,            0.035707,            0.017728,           0.0022196,           0.0022196,           0.0022196
                 154,            0.053725,            0.057613,            0.017394,             0.66766,             0.55074,             0.59201,             0.32224,            0.056694,            0.035705,            0.017724,           0.0021717,           0.0021717,           0.0021717
                 155,            0.053663,            0.057903,            0.017585,             0.66222,             0.55501,             0.59284,             0.32236,            0.056683,            0.035702,            0.017724,           0.0021245,           0.0021245,           0.0021245
                 156,            0.053621,            0.057906,            0.017351,             0.66323,             0.55461,             0.59262,              0.3225,            0.056673,              0.0357,            0.017723,           0.0020782,           0.0020782,           0.0020782
                 157,            0.053236,            0.057274,            0.017463,             0.66426,             0.55511,             0.59298,             0.32285,            0.056662,            0.035701,            0.017717,           0.0020327,           0.0020327,           0.0020327
                 158,            0.053121,            0.056668,            0.017008,             0.67279,              0.5499,             0.59341,               0.323,            0.056652,              0.0357,            0.017713,           0.0019881,           0.0019881,           0.0019881
                 159,            0.053594,            0.057862,            0.017315,             0.66011,             0.55815,             0.59332,             0.32321,            0.056644,            0.035699,            0.017715,           0.0019443,           0.0019443,           0.0019443
                 160,            0.053296,            0.057604,            0.017095,             0.66015,             0.55756,             0.59344,             0.32315,            0.056636,            0.035696,            0.017714,           0.0019014,           0.0019014,           0.0019014
                 161,            0.053391,            0.057153,            0.016853,             0.67069,             0.55104,             0.59352,             0.32307,            0.056627,            0.035699,            0.017716,           0.0018594,           0.0018594,           0.0018594
                 162,            0.053258,            0.057015,            0.017061,             0.66715,             0.55421,             0.59411,              0.3233,            0.056617,            0.035697,            0.017714,           0.0018183,           0.0018183,           0.0018183
                 163,            0.053043,            0.056867,            0.016827,             0.66728,             0.55417,             0.59454,             0.32359,            0.056607,            0.035702,            0.017714,           0.0017781,           0.0017781,           0.0017781
                 164,            0.053113,            0.057481,            0.016778,             0.66717,             0.55437,             0.59508,             0.32396,            0.056598,            0.035698,            0.017711,           0.0017389,           0.0017389,           0.0017389
                 165,            0.052789,            0.056295,            0.016967,             0.69911,             0.53591,             0.59509,             0.32403,            0.056587,            0.035697,            0.017709,           0.0017005,           0.0017005,           0.0017005
                 166,            0.052602,            0.057008,             0.01656,             0.69982,             0.53662,             0.59499,             0.32436,            0.056579,            0.035698,            0.017705,           0.0016631,           0.0016631,           0.0016631
                 167,            0.052666,            0.057241,            0.016441,             0.69993,             0.53658,             0.59516,             0.32467,            0.056567,            0.035696,            0.017707,           0.0016267,           0.0016267,           0.0016267
                 168,            0.052836,            0.057131,            0.016317,             0.70108,             0.53577,              0.5956,             0.32491,            0.056558,            0.035695,            0.017706,           0.0015912,           0.0015912,           0.0015912
                 169,            0.052652,            0.056486,            0.016591,             0.69815,             0.53778,             0.59574,             0.32509,             0.05655,            0.035696,            0.017708,           0.0015566,           0.0015566,           0.0015566
                 170,            0.052858,            0.057013,            0.016539,             0.69689,              0.5376,             0.59563,             0.32516,            0.056542,            0.035691,            0.017711,           0.0015231,           0.0015231,           0.0015231
                 171,            0.052379,            0.056852,            0.016286,             0.69152,             0.54036,             0.59579,              0.3253,            0.056534,            0.035693,            0.017716,           0.0014905,           0.0014905,           0.0014905
                 172,            0.052648,            0.056644,            0.016383,             0.68807,             0.54216,             0.59594,             0.32522,            0.056525,             0.03569,            0.017714,           0.0014589,           0.0014589,           0.0014589
                 173,            0.052581,            0.056733,            0.016294,             0.69696,             0.53644,             0.59566,             0.32538,            0.056519,             0.03569,            0.017716,           0.0014283,           0.0014283,           0.0014283
                 174,            0.052275,            0.056192,            0.016246,             0.67669,             0.54797,             0.59584,             0.32549,            0.056512,            0.035694,            0.017716,           0.0013987,           0.0013987,           0.0013987
                 175,            0.052476,            0.056425,            0.016255,             0.67191,             0.55172,             0.59604,             0.32549,            0.056506,            0.035694,            0.017718,           0.0013701,           0.0013701,           0.0013701
                 176,            0.052215,            0.056302,            0.016144,             0.67402,             0.55155,             0.59628,             0.32585,            0.056499,            0.035693,            0.017717,           0.0013425,           0.0013425,           0.0013425
                 177,            0.052095,            0.056603,            0.016207,             0.67346,             0.55281,              0.5965,             0.32592,            0.056491,             0.03569,            0.017714,            0.001316,            0.001316,            0.001316
                 178,            0.052217,            0.056475,            0.016094,             0.67316,             0.55283,             0.59699,             0.32607,            0.056483,            0.035694,            0.017713,           0.0012905,           0.0012905,           0.0012905
                 179,            0.052178,            0.056601,            0.016111,              0.6658,             0.55925,             0.59717,             0.32641,            0.056475,            0.035694,            0.017718,            0.001266,            0.001266,            0.001266
                 180,            0.051842,            0.055944,            0.015937,             0.66577,             0.55929,             0.59693,             0.32664,            0.056467,            0.035699,             0.01772,           0.0012426,           0.0012426,           0.0012426
                 181,            0.052115,            0.056059,            0.015862,             0.66505,             0.56051,             0.59736,             0.32668,            0.056458,            0.035696,            0.017721,           0.0012202,           0.0012202,           0.0012202
                 182,            0.052274,            0.056364,            0.015727,             0.67259,             0.55579,             0.59784,             0.32665,            0.056452,            0.035697,            0.017727,           0.0011989,           0.0011989,           0.0011989
                 183,            0.052331,             0.05627,            0.015771,             0.67439,               0.555,             0.59784,             0.32693,            0.056446,            0.035701,            0.017732,           0.0011787,           0.0011787,           0.0011787
                 184,            0.052155,             0.05598,            0.015911,             0.67503,             0.55361,             0.59729,             0.32703,            0.056439,            0.035703,            0.017738,           0.0011595,           0.0011595,           0.0011595
                 185,            0.051857,            0.055756,             0.01583,             0.67408,             0.55417,             0.59737,             0.32729,            0.056431,            0.035702,            0.017748,           0.0011414,           0.0011414,           0.0011414
                 186,            0.051946,            0.055506,             0.01577,             0.67329,             0.55414,             0.59726,             0.32744,            0.056423,            0.035706,            0.017748,           0.0011243,           0.0011243,           0.0011243
                 187,            0.051895,            0.055542,            0.015571,             0.67759,             0.55248,             0.59747,             0.32754,            0.056417,            0.035703,            0.017754,           0.0011084,           0.0011084,           0.0011084
                 188,            0.051842,            0.056105,            0.015637,             0.67938,             0.55213,             0.59804,             0.32768,            0.056411,            0.035706,            0.017758,           0.0010935,           0.0010935,           0.0010935
                 189,            0.051915,            0.056061,            0.015781,              0.6775,             0.55336,             0.59793,             0.32779,            0.056405,            0.035711,            0.017763,           0.0010797,           0.0010797,           0.0010797
                 190,            0.051406,            0.055652,            0.015487,             0.67044,             0.55736,             0.59774,             0.32762,              0.0564,            0.035711,            0.017769,            0.001067,            0.001067,            0.001067
                 191,            0.051754,            0.055467,             0.01548,             0.67131,             0.55748,             0.59785,             0.32761,            0.056395,            0.035712,             0.01777,           0.0010554,           0.0010554,           0.0010554
                 192,            0.051398,            0.055194,            0.015307,             0.67185,             0.55719,             0.59791,             0.32762,            0.056391,            0.035714,            0.017782,           0.0010449,           0.0010449,           0.0010449
                 193,            0.051588,            0.055453,            0.015558,             0.66061,             0.56557,             0.59812,             0.32754,            0.056385,            0.035719,            0.017788,           0.0010355,           0.0010355,           0.0010355
                 194,            0.051856,            0.055512,             0.01555,             0.66233,             0.56445,             0.59822,             0.32769,            0.056383,            0.035719,            0.017793,           0.0010272,           0.0010272,           0.0010272
                 195,            0.051901,             0.05609,            0.015396,             0.65951,             0.56654,             0.59841,              0.3277,            0.056378,            0.035724,            0.017794,             0.00102,             0.00102,             0.00102
                 196,            0.051911,            0.055925,            0.015382,             0.66128,             0.56549,              0.5983,             0.32793,            0.056374,            0.035725,            0.017793,           0.0010139,           0.0010139,           0.0010139
                 197,            0.051433,            0.055763,            0.015243,             0.66201,             0.56628,             0.59871,             0.32793,             0.05637,            0.035722,            0.017795,           0.0010089,           0.0010089,           0.0010089
                 198,            0.051291,            0.055365,            0.015482,             0.66051,             0.56604,             0.59835,              0.3282,            0.056368,            0.035726,            0.017804,            0.001005,            0.001005,            0.001005
                 199,            0.051206,            0.055468,             0.01535,             0.65352,             0.57055,             0.59844,             0.32818,            0.056365,             0.03573,            0.017815,           0.0010022,           0.0010022,           0.0010022
